{
  "participant": "AP04",
  "accuracy": 0.7700258397932817,
  "precision": 0.1839080459770115,
  "recall": 0.47058823529411764,
  "f1": 0.2644628099173554,
  "roc_auc": 0.7036743876020664,
  "threshold": 0.3500000000000001,
  "test_samples": 387,
  "abnormal_in_test": 34
}